[
    {
        "alarm_actions": [
            "http://site:8000/alarm"
        ],
        "alarm_id": null,
        "combination_rule": null,
        "description": "An alarm",
        "enabled": true,
        "insufficient_data_actions": [
            "http://site:8000/nodata"
        ],
        "name": "SwiftObjectAlarm",
        "ok_actions": [
            "http://site:8000/ok"
        ],
        "project_id": "c96c887c216949acbdfbd8b494863567",
        "repeat_actions": false,
        "state": "ok",
        "state_timestamp": "2013-11-21T12:33:08.486228",
        "threshold_rule": null,
        "timestamp": "2013-11-21T12:33:08.486221",
        "type": "threshold",
        "user_id": "c96c887c216949acbdfbd8b494863567"
    }
]
