<?xml version="1.0" encoding="UTF-8"?>
<value>
    <alarm_actions>
        <item>http://site:8000/alarm</item>
    </alarm_actions>
    <alarm_id nil="true" />
    <combination_rule nil="true" />
    <description>An alarm</description>
    <enabled>true</enabled>
    <insufficient_data_actions>
        <item>http://site:8000/nodata</item>
    </insufficient_data_actions>
    <name>SwiftObjectAlarm</name>
    <ok_actions>
        <item>http://site:8000/ok</item>
    </ok_actions>
    <project_id>c96c887c216949acbdfbd8b494863567</project_id>
    <repeat_actions>false</repeat_actions>
    <state>ok</state>
    <state_timestamp>2013-11-21T12:33:08.486228</state_timestamp>
    <threshold_rule nil="true" />
    <timestamp>2013-11-21T12:33:08.486221</timestamp>
    <type>threshold</type>
    <user_id>c96c887c216949acbdfbd8b494863567</user_id>
</value>
