<?xml version="1.0" encoding="UTF-8"?>
<value>
   <api>
      <item>
         <key>statistics:query:complex</key>
         <value>false</value>
      </item>
      <item>
         <key>alarms:history:query:simple</key>
         <value>true</value>
      </item>
      <item>
         <key>meters:query:metadata</key>
         <value>true</value>
      </item>
      <item>
         <key>alarms:query:simple</key>
         <value>true</value>
      </item>
      <item>
         <key>resources:query:simple</key>
         <value>true</value>
      </item>
      <item>
         <key>statistics:aggregation:selectable:quartile</key>
         <value>false</value>
      </item>
      <item>
         <key>statistics:query:simple</key>
         <value>true</value>
      </item>
      <item>
         <key>statistics:aggregation:selectable:count</key>
         <value>true</value>
      </item>
      <item>
         <key>statistics:aggregation:selectable:min</key>
         <value>true</value>
      </item>
      <item>
         <key>statistics:aggregation:selectable:sum</key>
         <value>true</value>
      </item>
      <item>
         <key>alarms:query:complex</key>
         <value>true</value>
      </item>
      <item>
         <key>meters:query:complex</key>
         <value>false</value>
      </item>
      <item>
         <key>statistics:groupby</key>
         <value>true</value>
      </item>
      <item>
         <key>alarms:history:query:complex</key>
         <value>true</value>
      </item>
      <item>
         <key>meters:query:simple</key>
         <value>true</value>
      </item>
      <item>
         <key>samples:query:metadata</key>
         <value>true</value>
      </item>
      <item>
         <key>statistics:query:metadata</key>
         <value>true</value>
      </item>
      <item>
         <key>samples:query:simple</key>
         <value>true</value>
      </item>
      <item>
         <key>resources:query:metadata</key>
         <value>true</value>
      </item>
      <item>
         <key>statistics:aggregation:selectable:max</key>
         <value>true</value>
      </item>
      <item>
         <key>samples:query:complex</key>
         <value>true</value>
      </item>
      <item>
         <key>statistics:aggregation:standard</key>
         <value>true</value>
      </item>
      <item>
         <key>events:query:simple</key>
         <value>true</value>
      </item>
      <item>
         <key>statistics:aggregation:selectable:stddev</key>
         <value>true</value>
      </item>
      <item>
         <key>statistics:aggregation:selectable:avg</key>
         <value>true</value>
      </item>
      <item>
         <key>statistics:aggregation:selectable:cardinality</key>
         <value>true</value>
      </item>
      <item>
         <key>resources:query:complex</key>
         <value>false</value>
      </item>
   </api>
   <storage>
      <item>
         <key>storage:production_ready</key>
         <value>true</value>
      </item>
   </storage>
   <alarm_storage>
      <item>
         <key>storage:production_ready</key>
         <value>true</value>
      </item>
   </alarm_storage>
   <event_storage>
      <item>
         <key>storage:production_ready</key>
         <value>true</value>
      </item>
   </event_storage>
</value>
