[
    {
        "raw": {},
        "traits": [
            {
                "type": "string",
                "name": "action",
                "value": "read"
            },
            {
                "type": "string",
                "name": "eventTime",
                "value": "2015-10-28T20:26:58.545477+0000"
            }
        ],
        "generated": "2015-10-28T20:26:58.546933",
        "message_id": "bae43de6-e9fa-44ad-8c15-40a852584444",
        "event_type": "http.request"
    }
]
