<?xml version="1.0" encoding="UTF-8"?>
<values>
   <value>
      <resource_id>bd9431c1-8d69-4ad3-803a-8d4a6b89fd36</resource_id>
      <project_id>35b17138-b364-4e6a-a131-8f3099c5be68</project_id>
      <user_id>efd87807-12d2-4b38-9c70-5f5c2ac427ff</user_id>
      <metadata>
         <item>
            <key>name2</key>
            <value>value2</value>
         </item>
         <item>
            <key>name1</key>
            <value>value1</value>
         </item>
      </metadata>
      <links>
         <item>
            <href>http://localhost:8777/v2/resources/bd9431c1-8d69-4ad3-803a-8d4a6b89fd36</href>
            <rel>self</rel>
         </item>
         <item>
            <href>http://localhost:8777/v2/meters/volume?q.field=resource_id&amp;q.value=bd9431c1-8d69-4ad3-803a-8d4a6b89fd36</href>
            <rel>volume</rel>
         </item>
      </links>
      <source>openstack</source>
   </value>
</values>
