{
    "links": [
        {
            "href": "http://localhost:8777/v2/resources/bd9431c1-8d69-4ad3-803a-8d4a6b89fd36",
            "rel": "self"
        },
        {
            "href": "http://localhost:8777/v2/meters/volume?q.field=resource_id&q.value=bd9431c1-8d69-4ad3-803a-8d4a6b89fd36",
            "rel": "volume"
        }
    ],
    "metadata": {
        "name1": "value1",
        "name2": "value2"
    },
    "project_id": "35b17138-b364-4e6a-a131-8f3099c5be68",
    "resource_id": "bd9431c1-8d69-4ad3-803a-8d4a6b89fd36",
    "source": "openstack",
    "user_id": "efd87807-12d2-4b38-9c70-5f5c2ac427ff"
}
