<?xml version="1.0" ?>
<!--
Licensed to the Apache Software Foundation (ASF) under one or more 
contributor license agreements. See the NOTICE file distributed with
this work for additional information regarding copyright ownership. 
The ASF licenses this file to you under the Apache License, Version 2.0
(the "License"); you may not use this file except in compliance with 
the License. You may obtain a copy of the License at

http://www.apache.org/licenses/LICENSE-2.0

Unless required by applicable law or agreed to in writing, software
distributed under the License is distributed on an "AS IS" BASIS,
WITHOUT WARRANTIES OR CONDITIONS OF ANY KIND, either express or implied.
See the License for the specific language governing permissions and
limitations under the License.
-->
<document>

    <properties>
        <author email="nicko at apache dot org">Nicko Cadell</author>
        <title>Apache log4net: How Tos</title>
    </properties>

    <meta name="keywords" content="howto log4net, log4net" />

    <body>
        <section id="main" name="Apache log4net&#x2122; How Tos">
            
            <p>
                Below are presented, in no particular order, a series of documents
                on how to get stuff done.
            </p>
            <p>
                New documents can be contributed via the issue tracking system.
                See the <a href="../../issue-tracking.html">Issue Tracking</a> page for
                details.
            </p>

            <ul>
                <li>
                    <p><a href="chainsaw.html">How To view logging events using Apache Chainsaw</a></p>
                </li>
                <!-- 
                <li>
                    <p><a href="custom-appender.html">How To write your own appender</a></p>
                </li>
                -->
            </ul>        

        </section>
    </body>
</document>
